INSERT INTO "user" (phone_number, password, email, first_name, last_name, role, status)
VALUES ('010-1234-5678', 'password1', 'user1@email.com', 'user1', 'user1', 'CUSTOMER', 'ACTIVE'),
       ('010-1234-5679', 'password2', 'user2@email.com', 'user2', 'user2', 'CUSTOMER', 'ACTIVE'),
       ('010-1234-5680', 'password3', 'user3@email.com', 'user3', 'user3', 'CUSTOMER', 'ACTIVE'),
       ('010-1234-5681', 'password4', 'user4@email.com', 'user4', 'user4', 'CUSTOMER', 'ACTIVE'),
       ('010-1234-5682', 'password5', 'user5@email.com', 'user5', 'user5', 'CUSTOMER', 'ACTIVE');

INSERT INTO category (name)
VALUES ('Home & Decor'),
       ('Clothing'),
       ('Accessories'),
       ('Outdoor');

INSERT INTO color (hex_code)
VALUES ('25C69A'), -- GREEN
       ('AE83F7'), -- PURPLE
       ('E25661'), -- RED
       ('121212'); -- BLACK

INSERT INTO size (label)
VALUES ('S'),
       ('M'),
       ('L'),
       ('XL'),
       ('2XL'),
       ('One size'),
       ('Custom');

INSERT INTO product (name, description, price, thumbnail_url, category_id, created_at)
VALUES ('Product 1', 'Product 1 Description', 50, 'https://picsum.photos/id/1/200/300', 1, '2023-01-01'),
       ('Product 2', 'Product 2 Description', 52, 'https://picsum.photos/id/2/200/300', 2, '2023-01-01'),
       ('Product 3', 'Product 3 Description', 54, 'https://picsum.photos/id/3/200/300', 3, '2023-01-01'),
       ('Product 4', 'Product 4 Description', 56, 'https://picsum.photos/id/4/200/300', 4, '2023-01-01'),
       ('Product 5', 'Product 5 Description', 58, 'https://picsum.photos/id/5/200/300', 1, '2023-01-01'),
       ('Product 6', 'Product 6 Description', 60, 'https://picsum.photos/id/6/200/300', 2, '2023-01-01'),
       ('Product 7', 'Product 7 Description', 56, 'https://picsum.photos/id/7/200/300', 3, '2023-01-01'),
       ('Product 8', 'Product 8 Description', 56, 'https://picsum.photos/id/8/200/300', 4, '2023-01-01'),
       ('Product 9', 'Product 9 Description', 56, 'https://picsum.photos/id/9/200/300', 1, '2023-01-01'),
       ('Product 10', 'Product 10 Description', 56, 'https://picsum.photos/id/10/200/300', 2, '2023-01-01'),
       ('Product 11', 'Product 11 Description', 56, 'https://picsum.photos/id/11/200/300', 3, '2023-01-01'),
       ('Product 12', 'Product 12 Description', 56, 'https://picsum.photos/id/12/200/300', 4, '2023-01-01'),
       ('Product 13', 'Product 13 Description', 56, 'https://picsum.photos/id/13/200/300', 1, '2023-01-01'),
       ('Product 14', 'Product 14 Description', 56, 'https://picsum.photos/id/14/200/300', 2, '2023-01-01'),
       ('Product 15', 'Product 15 Description', 56, 'https://picsum.photos/id/15/200/300', 3, '2023-01-01'),
       ('Product 16', 'Product 16 Description', 56, 'https://picsum.photos/id/16/200/300', 4, '2023-01-01'),
       ('Product 17', 'Product 17 Description', 56, 'https://picsum.photos/id/17/200/300', 1, '2023-01-01'),
       ('Product 18', 'Product 18 Description', 56, 'https://picsum.photos/id/18/200/300', 2, '2023-01-01'),
       ('Product 19', 'Product 19 Description', 56, 'https://picsum.photos/id/19/200/300', 3, '2023-01-01'),
       ('Product 20', 'Product 20 Description', 56, 'https://picsum.photos/id/20/200/300', 4, '2023-01-01'),
       ('Product 21', 'Product 21 Description', 56, 'https://picsum.photos/id/21/200/300', 1, '2023-01-01'),
       ('Product 22', 'Product 22 Description', 56, 'https://picsum.photos/id/22/200/300', 2, '2023-01-01'),
       ('Product 23', 'Product 23 Description', 56, 'https://picsum.photos/id/23/200/300', 3, '2023-01-01'),
       ('Product 24', 'Product 24 Description', 56, 'https://picsum.photos/id/24/200/300', 4, '2023-01-01'),
       ('Product 25', 'Product 25 Description', 56, 'https://picsum.photos/id/25/200/300', 1, '2023-01-01'),
       ('Product 26', 'Product 26 Description', 56, 'https://picsum.photos/id/26/200/300', 2, '2023-01-01'),
       ('Product 27', 'Product 27 Description', 56, 'https://picsum.photos/id/27/200/300', 3, '2023-01-01'),
       ('Product 28', 'Product 28 Description', 56, 'https://picsum.photos/id/28/200/300', 4, '2023-01-01'),
       ('Product 29', 'Product 29 Description', 56, 'https://picsum.photos/id/29/200/300', 1, '2023-01-01'),
       ('Product 30', 'Product 30 Description', 56, 'https://picsum.photos/id/30/200/300', 2, '2023-01-01'),
       ('Product 31', 'Product 31 Description', 56, 'https://picsum.photos/id/31/200/300', 3, '2023-01-01'),
       ('Product 32', 'Product 32 Description', 56, 'https://picsum.photos/id/32/200/300', 4, '2023-01-01'),
       ('Product 33', 'Product 33 Description', 56, 'https://picsum.photos/id/33/200/300', 1, '2023-01-01'),
       ('Product 34', 'Product 34 Description', 56, 'https://picsum.photos/id/34/200/300', 2, '2023-01-01'),
       ('Product 35', 'Product 35 Description', 56, 'https://picsum.photos/id/35/200/300', 3, '2023-01-01'),
       ('Product 36', 'Product 36 Description', 56, 'https://picsum.photos/id/36/200/300', 4, '2023-01-01'),
       ('Product 37', 'Product 37 Description', 56, 'https://picsum.photos/id/37/200/300', 1, '2023-01-01'),
       ('Product 38', 'Product 38 Description', 56, 'https://picsum.photos/id/38/200/300', 2, '2023-01-01'),
       ('Product 39', 'Product 39 Description', 56, 'https://picsum.photos/id/39/200/300', 3, '2023-01-01'),
       ('Product 40', 'Product 40 Description', 56, 'https://picsum.photos/id/40/200/300', 4, '2023-01-01'),
       ('Product 41', 'Product 39 Description', 56, 'https://picsum.photos/id/39/200/300', 2, '2023-01-01'),
       ('Product 42', 'Product 39 Description', 56, 'https://picsum.photos/id/39/200/300', 2, '2023-01-01'),
       ('Product 43', 'Product 39 Description', 56, 'https://picsum.photos/id/39/200/300', 2, '2023-01-01'),
       ('Product 44', 'Product 39 Description', 56, 'https://picsum.photos/id/39/200/300', 2, '2023-01-01'),
       ('Product 45', 'Product 39 Description', 56, 'https://picsum.photos/id/39/200/300', 2, '2023-01-01'),
       ('Product 46', 'Product 39 Description', 56, 'https://picsum.photos/id/39/200/300', 2, '2023-01-01'),
       ('Product 47', 'Product 39 Description', 56, 'https://picsum.photos/id/39/200/300', 2, '2023-01-01'),
       ('Product 48', 'Product 39 Description', 56, 'https://picsum.photos/id/39/200/300', 2, '2023-01-01'),
       ('Product 49', 'Product 39 Description', 56, 'https://picsum.photos/id/39/200/300', 2, '2023-01-01'),
       ('Product 50', 'Product 39 Description', 56, 'https://picsum.photos/id/39/200/300', 2, '2023-01-01'),
       ('Product 51', 'Product 39 Description', 56, 'https://picsum.photos/id/39/200/300', 2, '2023-01-01'),
       ('Product 52', 'Product 39 Description', 56, 'https://picsum.photos/id/39/200/300', 2, '2023-01-01');

INSERT INTO discount_offer (discount_type, discount_value, start_date, end_date)
VALUES ('PERCENTAGE', 10, '2021-01-01', '2021-12-31'),
       ('PERCENTAGE', 20, '2022-01-01', '2022-12-31'),
       ('PERCENTAGE', 10, '2023-01-01', '2023-12-31'),
       ('PERCENTAGE', 15, '2023-01-01', '2023-12-31'),
       ('PERCENTAGE', 15, '2021-01-01', '2021-12-31'),
       ('PERCENTAGE', 20, '2021-01-01', '2021-12-31'),
       ('PERCENTAGE', 20, '2022-01-01', '2022-12-31'),
       ('PERCENTAGE', 30, '2022-01-01', '2022-12-31'),
       ('PERCENTAGE', 5, '2022-01-01', '2022-12-31'),
       ('PERCENTAGE', 5, '2022-01-01', '2022-12-31'),
       ('PERCENTAGE', 10, '2022-01-01', '2022-12-31'),
       ('PERCENTAGE', 15, '2022-01-01', '2022-12-31'),
       ('PERCENTAGE', 15, '2024-01-01', '2024-12-31'),
       ('PERCENTAGE', 20, '2024-01-01', '2024-12-31'),
       ('PERCENTAGE', 15, '2023-01-01', '2024-12-31'),
       ('PERCENTAGE', 30, '2024-01-01', '2024-12-31'),
       ('PERCENTAGE', 10, '2024-01-01', '2024-6-30'),
       ('PERCENTAGE', 20, '2024-01-01', '2024-12-31');

INSERT INTO product_discount(product_id, discount_offer_id)
VALUES (1, 1),
       (2, 2),
       (3, 3),
       (4, 4),
       (5, 5),
       (6, 6),
       (7, 7),
       (8, 8),
       (9, 9),
       (10, 15),
       (11, 16),
       (12, 17),
       (13, 18),
       (14, 15),
       (15, 16),
       (16, 17),
       (17, 18),
       (18, 15),
       (19, 16),
       (20, 17),
       (21, 18),
       (22, 15),
       (23, 16),
       (24, 17),
       (25, 18),
       (26, 15),
       (27, 16),
       (28, 17),
       (29, 18),
       (30, 15),
       (31, 16),
       (32, 17),
       (33, 18),
       (34, 15),
       (35, 16),
       (36, 10),
       (52, 12);

INSERT INTO product_variant (product_id, color_id, size_id, stock_count)
VALUES (1, 1, 1, 10),
       (1, 1, 2, 20),
       (1, 1, 3, 30),
       (1, 2, 1, 10),
       (1, 2, 2, 20),
       (1, 2, 3, 30),
       (1, 3, 1, 10),
       (1, 3, 2, 20),
       (1, 3, 3, 30),
       (2, 1, 1, 10),
       (2, 1, 2, 20),
       (2, 1, 3, 30),
       (2, 2, 1, 10),
       (2, 2, 2, 20),
       (2, 2, 3, 30),
       (2, 3, 1, 10),
       (2, 3, 2, 20),
       (2, 3, 3, 30),
       (3, 1, 1, 10),
       (3, 1, 2, 20),
       (3, 1, 3, 30),
       (3, 2, 1, 10),
       (3, 2, 2, 20),
       (3, 2, 3, 30),
       (3, 3, 1, 10),
       (3, 3, 2, 20),
       (3, 3, 3, 30),
       (4, 1, 1, 10),
       (4, 1, 2, 20),
       (4, 1, 3, 30),
       (4, 2, 1, 10),
       (4, 2, 2, 20),
       (4, 2, 3, 30),
       (4, 3, 1, 10),
       (4, 3, 2, 20),
       (4, 3, 3, 30),
       (5, 1, 1, 10),
       (5, 1, 2, 20),
       (5, 1, 4, 100),
       (5, 2, 1, 10),
       (5, 2, 2, 20),
       (5, 2, 4, 100),
       (5, 3, 1, 10),
       (5, 3, 2, 20),
       (5, 3, 4, 100),
       (6, 1, 1, 10),
       (6, 1, 2, 20),
       (6, 1, 4, 100),
       (6, 2, 1, 10),
       (6, 2, 2, 20),
       (6, 2, 4, 100),
       (6, 3, 1, 10),
       (6, 3, 2, 20),
       (6, 3, 4, 100),
       (7, 1, 1, 10),
       (7, 1, 2, 20),
       (7, 1, 4, 100),
       (7, 2, 1, 10),
       (7, 2, 2, 20),
       (7, 2, 4, 100),
       (7, 3, 1, 10),
       (7, 3, 2, 20),
       (7, 3, 4, 100),
       (8, 1, 1, 10),
       (8, 1, 2, 20),
       (8, 1, 4, 100),
       (8, 2, 1, 10),
       (8, 2, 2, 20),
       (8, 2, 4, 100),
       (8, 3, 1, 10),
       (8, 3, 2, 20),
       (8, 3, 4, 100),
       (9, 1, 1, 10),
       (9, 1, 2, 20),
       (9, 1, 4, 100),
       (9, 2, 1, 10),
       (9, 2, 2, 20),
       (9, 2, 4, 100),
       (9, 3, 1, 10),
       (9, 3, 2, 20),
       (9, 3, 4, 100),
       (10, 1, 1, 10),
       (10, 1, 2, 20),
       (10, 1, 4, 100),
       (10, 2, 1, 10),
       (10, 2, 2, 20),
       (10, 2, 4, 100),
       (10, 3, 1, 10),
       (10, 3, 2, 20),
       (10, 3, 4, 100),
       (11, 1, 1, 10),
       (11, 1, 2, 20),
       (11, 1, 4, 100),
       (11, 2, 1, 10),
       (11, 2, 2, 20),
       (11, 2, 4, 100),
       (11, 3, 1, 10),
       (11, 3, 2, 20),
       (11, 3, 4, 100),
       (12, 1, 1, 10),
       (12, 1, 2, 20),
       (12, 1, 4, 100),
       (12, 2, 1, 10),
       (12, 2, 2, 20),
       (12, 2, 4, 100),
       (12, 3, 1, 10),
       (12, 3, 2, 20),
       (12, 3, 4, 100),
       (13, 1, 1, 10),
       (13, 1, 2, 20),
       (13, 1, 4, 100),
       (13, 2, 1, 10),
       (13, 2, 2, 20),
       (13, 2, 3, 20),
       (13, 2, 4, 100),
       (13, 3, 5, 100);

INSERT INTO product_image (image_url, product_variant_id, position)
VALUES ('https://picsum.photos/id/1/200/300', 1, 1),
       ('https://picsum.photos/id/2/200/300', 1, 2),
       ('https://picsum.photos/id/3/200/300', 1, 3),
       ('https://picsum.photos/id/4/200/300', 2, 1),
       ('https://picsum.photos/id/5/200/300', 2, 2),
       ('https://picsum.photos/id/6/200/300', 2, 3),
       ('https://picsum.photos/id/7/200/300', 3, 1),
       ('https://picsum.photos/id/8/200/300', 3, 2),
       ('https://picsum.photos/id/9/200/300', 3, 3),
       ('https://picsum.photos/id/10/200/300', 4, 1),
       ('https://picsum.photos/id/11/200/300', 4, 2),
       ('https://picsum.photos/id/12/200/300', 4, 3),
       ('https://picsum.photos/id/13/200/300', 5, 1),
       ('https://picsum.photos/id/14/200/300', 5, 2),
       ('https://picsum.photos/id/15/200/300', 5, 3),
       ('https://picsum.photos/id/16/200/300', 6, 1),
       ('https://picsum.photos/id/17/200/300', 6, 2),
       ('https://picsum.photos/id/18/200/300', 6, 3),
       ('https://picsum.photos/id/19/200/300', 7, 1),
       ('https://picsum.photos/id/20/200/300', 7, 2),
       ('https://picsum.photos/id/21/200/300', 7, 3),
       ('https://picsum.photos/id/22/200/300', 8, 1),
       ('https://picsum.photos/id/23/200/300', 8, 2),
       ('https://picsum.photos/id/24/200/300', 8, 3),
       ('https://picsum.photos/id/25/200/300', 9, 1),
       ('https://picsum.photos/id/26/200/300', 9, 2),
       ('https://picsum.photos/id/27/200/300', 9, 3),
       ('https://picsum.photos/id/28/200/300', 10, 1),
       ('https://picsum.photos/id/29/200/300', 10, 2),
       ('https://picsum.photos/id/30/200/300', 10, 3),
       ('https://picsum.photos/id/31/200/300', 11, 1),
       ('https://picsum.photos/id/32/200/300', 11, 2),
       ('https://picsum.photos/id/33/200/300', 11, 3),
       ('https://picsum.photos/id/34/200/300', 12, 1),
       ('https://picsum.photos/id/35/200/300', 12, 2),
       ('https://picsum.photos/id/36/200/300', 12, 3),
       ('https://picsum.photos/id/37/200/300', 13, 1),
       ('https://picsum.photos/id/38/200/300', 13, 2),
       ('https://picsum.photos/id/39/200/300', 13, 3),
       ('https://picsum.photos/id/40/200/300', 14, 1),
       ('https://picsum.photos/id/41/200/300', 14, 2),
       ('https://picsum.photos/id/42/200/300', 14, 3),
       ('https://picsum.photos/id/43/200/300', 15, 1),
       ('https://picsum.photos/id/44/200/300', 15, 2),
       ('https://picsum.photos/id/45/200/300', 15, 3),
       ('https://picsum.photos/id/46/200/300', 16, 1),
       ('https://picsum.photos/id/47/200/300', 16, 2),
       ('https://picsum.photos/id/48/200/300', 17, 2),
       ('https://picsum.photos/id/49/200/300', 17, 3),
       ('https://picsum.photos/id/50/200/300', 18, 1),
       ('https://picsum.photos/id/51/200/300', 18, 2),
       ('https://picsum.photos/id/52/200/300', 18, 3),
       ('https://picsum.photos/id/53/200/300', 19, 1),
       ('https://picsum.photos/id/54/200/300', 19, 2),
       ('https://picsum.photos/id/55/200/300', 19, 3),
       ('https://picsum.photos/id/56/200/300', 20, 1),
       ('https://picsum.photos/id/57/200/300', 20, 2),
       ('https://picsum.photos/id/58/200/300', 20, 3),
       ('https://picsum.photos/id/59/200/300', 21, 1),
       ('https://picsum.photos/id/60/200/300', 21, 2),
       ('https://picsum.photos/id/61/200/300', 21, 3),
       ('https://picsum.photos/id/62/200/300', 22, 1),
       ('https://picsum.photos/id/63/200/300', 22, 2),
       ('https://picsum.photos/id/64/200/300', 22, 3),
       ('https://picsum.photos/id/65/200/300', 23, 1),
       ('https://picsum.photos/id/66/200/300', 23, 2),
       ('https://picsum.photos/id/67/200/300', 23, 3),
       ('https://picsum.photos/id/68/200/300', 24, 1),
       ('https://picsum.photos/id/69/200/300', 24, 2),
       ('https://picsum.photos/id/70/200/300', 24, 3),
       ('https://picsum.photos/id/71/200/300', 25, 1),
       ('https://picsum.photos/id/72/200/300', 25, 2),
       ('https://picsum.photos/id/73/200/300', 25, 3),
       ('https://picsum.photos/id/74/200/300', 26, 1),
       ('https://picsum.photos/id/75/200/300', 26, 2),
       ('https://picsum.photos/id/76/200/300', 26, 3),
       ('https://picsum.photos/id/77/200/300', 27, 1),
       ('https://picsum.photos/id/78/200/300', 27, 2),
       ('https://picsum.photos/id/79/200/300', 27, 3),
       ('https://picsum.photos/id/80/200/300', 28, 1),
       ('https://picsum.photos/id/81/200/300', 28, 2),
       ('https://picsum.photos/id/82/200/300', 28, 3),
       ('https://picsum.photos/id/83/200/300', 29, 1),
       ('https://picsum.photos/id/84/200/300', 29, 2),
       ('https://picsum.photos/id/85/200/300', 29, 3),
       ('https://picsum.photos/id/86/200/300', 30, 1),
       ('https://picsum.photos/id/87/200/300', 30, 2),
       ('https://picsum.photos/id/88/200/300', 30, 3),
       ('https://picsum.photos/id/89/200/300', 31, 1),
       ('https://picsum.photos/id/90/200/300', 31, 2),
       ('https://picsum.photos/id/91/200/300', 31, 3),
       ('https://picsum.photos/id/92/200/300', 32, 1),
       ('https://picsum.photos/id/93/200/300', 32, 2),
       ('https://picsum.photos/id/94/200/300', 32, 3),
       ('https://picsum.photos/id/95/200/300', 33, 1),
       ('https://picsum.photos/id/96/200/300', 33, 2),
       ('https://picsum.photos/id/97/200/300', 33, 3),
       ('https://picsum.photos/id/98/200/300', 34, 1),
       ('https://picsum.photos/id/99/200/300', 34, 2),
       ('https://picsum.photos/id/100/200/300', 34, 3),
       ('https://picsum.photos/id/101/200/300', 35, 1),
       ('https://picsum.photos/id/102/200/300', 35, 2),
       ('https://picsum.photos/id/103/200/300', 35, 3),
       ('https://picsum.photos/id/104/200/300', 36, 1),
       ('https://picsum.photos/id/105/200/300', 36, 2),
       ('https://picsum.photos/id/106/200/300', 36, 3),
       ('https://picsum.photos/id/107/200/300', 37, 1),
       ('https://picsum.photos/id/108/200/300', 37, 2),
       ('https://picsum.photos/id/109/200/300', 37, 3),
       ('https://picsum.photos/id/110/200/300', 38, 1),
       ('https://picsum.photos/id/111/200/300', 38, 2),
       ('https://picsum.photos/id/112/200/300', 38, 3),
       ('https://picsum.photos/id/113/200/300', 39, 1),
       ('https://picsum.photos/id/114/200/300', 39, 2),
       ('https://picsum.photos/id/115/200/300', 39, 3),
       ('https://picsum.photos/id/116/200/300', 40, 1),
       ('https://picsum.photos/id/117/200/300', 40, 2),
       ('https://picsum.photos/id/118/200/300', 40, 3);

INSERT INTO style (name)
VALUES ('Modern'),
       ('streetwear'),
       ('Colorful'),
       ('Patchwork'),
       ('Bohemian'),
       ('Vintage');

INSERT INTO style_product (product_id, style_id)
VALUES (1, 1),
       (1, 2),
       (2, 2),
       (2, 3),
       (3, 3),
       (3, 4),
       (4, 4),
       (4, 5),
       (5, 5),
       (5, 6),
       (6, 6),
       (6, 1),
       (7, 1),
       (7, 2),
       (8, 2),
       (8, 3),
       (9, 3),
       (9, 4),
       (10, 4),
       (10, 5),
       (11, 5),
       (11, 6),
       (12, 6),
       (12, 1),
       (13, 1),
       (13, 2),
       (14, 2),
       (14, 3),
       (15, 3),
       (15, 4),
       (16, 4),
       (16, 5),
       (17, 5),
       (17, 6),
       (18, 6),
       (18, 1),
       (19, 1),
       (19, 2),
       (20, 2),
       (20, 3),
       (21, 3),
       (21, 4),
       (22, 4),
       (22, 5),
       (23, 5),
       (23, 6),
       (24, 6),
       (24, 1),
       (25, 1),
       (25, 2),
       (26, 2),
       (26, 3),
       (27, 3),
       (27, 4),
       (28, 4),
       (28, 5),
       (29, 5),
       (29, 6),
       (30, 6),
       (30, 1),
       (31, 1),
       (31, 2),
       (32, 2),
       (32, 3),
       (33, 3),
       (33, 4),
       (34, 4),
       (34, 5),
       (35, 5),
       (35, 6),
       (36, 6),
       (36, 1),
       (37, 1),
       (37, 2),
       (38, 2),
       (38, 3),
       (39, 3),
       (39, 4),
       (40, 4),
       (40, 5);

INSERT INTO product_review (product_id, user_id, rating, comment, created_at)
VALUES (1, 1, 5, 'Great product!', '2023-01-01'),
       (1, 2, 4, 'Good product!', '2023-01-01'),
       (1, 3, 3, 'Average product!', '2023-01-01'),
       (2, 1, 5, 'Great product!', '2023-01-01'),
       (2, 2, 4, 'Good product!', '2023-01-01'),
       (2, 3, 3, 'Average product!', '2023-01-01'),
       (3, 1, 5, 'Great product!', '2023-01-01'),
       (3, 2, 4, 'Good product!', '2023-01-01'),
       (3, 3, 3, 'Average product!', '2023-01-01'),
       (4, 1, 5, 'Great product!', '2023-01-01'),
       (4, 2, 4, 'Good product!', '2023-01-01'),
       (4, 3, 3, 'Average product!', '2023-01-01'),
       (5, 1, 5, 'Great product!', '2023-01-01'),
       (5, 2, 4, 'Good product!', '2023-01-01'),
       (5, 3, 3, 'Average product!', '2023-01-01'),
       (6, 1, 5, 'Great product!', '2023-01-01'),
       (6, 2, 4, 'Good product!', '2023-01-01'),
       (6, 3, 3, 'Average product!', '2023-01-01'),
       (7, 1, 5, 'Great product!', '2023-01-01'),
       (7, 2, 4, 'Good product!', '2023-01-01'),
       (7, 3, 3, 'Average product!', '2023-01-01'),
       (8, 1, 5, 'Great product!', '2023-01-01'),
       (8, 2, 4, 'Good product!', '2023-02-03'),
       (8, 3, 3, 'Average product!', '2023-01-01'),
       (9, 1, 5, 'Great product!', '2023-01-01'),
       (9, 2, 4, 'Good product!', '2023-01-01'),
       (9, 3, 3, 'Average product!', '2023-01-01'),
       (10, 1, 5, 'Great product!', '2023-01-01'),
       (10, 2, 4, 'Good product!', '2023-01-01'),
       (10, 3, 3, 'Average product!', '2023-01-01'),
       (11, 1, 5, 'Great product!', '2023-01-01'),
       (11, 2, 4, 'Good product!', '2023-01-01'),
       (11, 3, 3, 'Average product!', '2023-01-01'),
       (12, 1, 5, 'Great product!', '2023-01-01'),
       (12, 2, 4, 'Good product!', '2023-01-01'),
       (12, 3, 3, 'Average product!', '2023-01-01'),
       (13, 1, 5, 'Great product!', '2023-01-01'),
       (13, 2, 4, 'Good product!', '2023-01-01'),
       (13, 3, 3, 'Average product!', '2023-01-01'),
       (14, 1, 5, 'Great product!', '2023-01-01'),
       (14, 2, 4, 'Good product!', '2023-01-01'),
       (14, 3, 3, 'Average product!', '2023-01-01'),
       (15, 1, 5, 'Great product!', '2023-01-01'),
       (15, 2, 4, 'Good product!', '2023-01-01'),
       (15, 3, 3, 'Average product!', '2023-01-01'),
       (16, 1, 5, 'Great product!', '2023-01-01'),
       (16, 2, 4, 'Good product!', '2023-01-01'),
       (16, 3, 3, 'Average product!', '2023-01-01'),
       (17, 1, 5, 'Great product!', '2023-01-01'),
       (17, 2, 4, 'Good product!', '2023-01-01'),
       (17, 3, 3, 'Average product!', '2023-01-01'),
       (18, 1, 5, 'Great product!', '2023-01-01'),
       (18, 2, 4, 'Good product!', '2023-01-01'),
       (18, 3, 3, 'Average product!', '2023-01-01'),
       (19, 1, 5, 'Great product!', '2023-01-01'),
       (19, 2, 4, 'Good product!', '2023-01-01'),
       (19, 3, 3, 'Average product!', '2023-01-01'),
       (20, 1, 5, 'Great product!', '2023-01-01'),
       (20, 2, 4, 'Good product!', '2023-01-01'),
       (20, 3, 3, 'Average product!', '2023-01-01'),
       (21, 1, 5, 'Great product!', '2023-01-01'),
       (21, 2, 4, 'Good product!', '2023-01-01'),
       (21, 3, 3, 'Average product!', '2023-01-01'),
       (22, 1, 5, 'Great product!', '2023-01-01'),
       (22, 2, 4, 'Good product!', '2023-01-01'),
       (22, 3, 3, 'Average product!', '2023-01-01'),
       (23, 1, 5, 'Great product!', '2023-01-01'),
       (23, 2, 4, 'Good product!', '2023-01-01');
